product_name,Count of order_id,products.category
HanoiStreet RP-80,10488,Outdoor
HanoiStreet RP-79,10463,Outdoor
SaigonFlex UC-69,8128,Streetwear
UrbanVN UE-05,7938,Streetwear
SaigonFlex UM-92,7426,Streetwear
VietMotion UE-06,7287,Streetwear
MekongFit UE-18,7111,Streetwear
SaigonFlex UM-43,7058,Streetwear
HanoiStreet UE-36,6990,Streetwear
SaigonFlex UM-01,6702,Streetwear
HanoiStreet UM-10,6427,Streetwear
SaigonFlex UM-96,5452,Streetwear
VietMotion UE-05,5451,Streetwear
UrbanVN UE-14,5435,Streetwear
HanoiStreet RP-21,5198,Outdoor
HanoiStreet RP-22,5182,Outdoor
HanoiStreet UC-56,5087,Streetwear
MekongFit RP-31,5074,Outdoor
MekongFit RP-32,5071,Outdoor
SaigonFlex UM-80,4991,Streetwear
HanoiStreet RP-48,4960,Outdoor
HanoiStreet RP-47,4936,Outdoor
HanoiStreet RP-81,4712,Outdoor
UrbanVN UE-15,4697,Streetwear
HanoiStreet RP-82,4683,Outdoor
UrbanVN UE-24,4602,Streetwear
HanoiStreet UE-16,4514,Streetwear
VietMotion RS-02,4443,Outdoor
HanoiStreet RP-50,4425,Outdoor
HanoiStreet RP-49,4413,Outdoor
VietMotion YY-05,4349,GenZ
HanoiStreet YY-01,4219,GenZ
VietMotion RS-08,4146,Outdoor
HanoiStreet UC-44,4091,Streetwear
HanoiStreet UC-40,3776,Streetwear
MekongFit MA-11,3710,Casual
SaigonFlex UM-54,3596,Streetwear
HanoiStreet RP-74,3555,Outdoor
SaigonFlex UC-55,3553,Streetwear
HanoiStreet YY-10,3551,GenZ
VietMotion RP-21,3539,Outdoor
SaigonFlex UC-74,3535,Streetwear
HanoiStreet RP-73,3528,Outdoor
VietMotion RP-22,3506,Outdoor
HanoiStreet UC-39,3494,Streetwear
VietMotion RP-15,3444,Outdoor
VietMotion RP-16,3418,Outdoor
SaigonFlex UC-16,3399,Streetwear
VietMotion UC-36,3385,Streetwear
HanoiStreet RP-66,3354,Outdoor
HanoiStreet RP-65,3352,Outdoor
SaigonFlex UC-00,3299,Streetwear
HanoiStreet RP-69,3245,Outdoor
SaigonFlex UM-11,3229,Streetwear
HanoiStreet RP-70,3224,Outdoor
VietMotion RP-52,3202,Outdoor
VietMotion RP-51,3186,Outdoor
HanoiStreet RP-52,3102,Outdoor
HanoiStreet RP-51,3098,Outdoor
VietMotion UC-07,3048,Streetwear
SaigonFlex UC-39,3018,Streetwear
UrbanVN UC-25,2947,Streetwear
SaigonFlex UC-13,2879,Streetwear
SaigonFlex UM-48,2761,Streetwear
VietMotion RP-10,2755,Outdoor
VietMotion RP-09,2748,Outdoor
HanoiStreet UC-29,2535,Streetwear
SaigonFlex UC-24,2444,Streetwear
SaigonFlex UC-01,2425,Streetwear
SaigonFlex UM-38,2418,Streetwear
SaigonFlex UC-41,2409,Streetwear
SaigonFlex UC-54,2380,Streetwear
HanoiStreet RP-13,2341,Outdoor
HanoiStreet UC-28,2340,Streetwear
HanoiStreet RP-14,2314,Outdoor
MekongFit UE-07,2268,Streetwear
SaigonFlex UC-15,2238,Streetwear
HanoiStreet UC-55,2227,Streetwear
VietMotion YY-03,2152,GenZ
HanoiStreet RP-67,2151,Outdoor
VietMotion UC-35,2140,Streetwear
HanoiStreet RP-68,2136,Outdoor
SaigonFlex UC-22,2136,Streetwear
HanoiStreet RP-45,2113,Outdoor
HanoiStreet RP-46,2110,Outdoor
VietMotion RP-49,2087,Outdoor
VietMotion RP-50,2075,Outdoor
SaigonFlex UM-50,2074,Streetwear
VietMotion UC-28,2062,Streetwear
VietMotion RP-33,2050,Outdoor
VietMotion RP-34,2039,Outdoor
SaigonFlex UC-70,2012,Streetwear
VietMotion UC-02,1999,Streetwear
SaigonFlex UC-80,1956,Streetwear
SaigonFlex UM-04,1953,Streetwear
HanoiStreet RP-23,1931,Outdoor
HanoiStreet RP-24,1930,Outdoor
HanoiStreet RS-12,1883,Outdoor
SaigonFlex UC-61,1877,Streetwear
VietMotion RP-31,1871,Outdoor
VietMotion RP-32,1863,Outdoor
VietMotion RS-13,1846,Outdoor
VietMotion RP-11,1841,Outdoor
VietMotion RP-12,1840,Outdoor
HanoiStreet UC-02,1837,Streetwear
HanoiStreet UM-03,1800,Streetwear
HanoiStreet UC-53,1788,Streetwear
MekongFit RS-03,1781,Outdoor
VietMotion RS-17,1756,Outdoor
VietMotion RP-35,1754,Outdoor
VietMotion RP-36,1744,Outdoor
VietMotion UC-01,1740,Streetwear
SaigonFlex UM-37,1730,Streetwear
UrbanVN MA-09,1726,Casual
HanoiStreet UC-30,1719,Streetwear
MekongFit UM-06,1708,Streetwear
SaigonFlex UC-46,1663,Streetwear
MekongFit UC-25,1654,Streetwear
HanoiStreet UC-27,1631,Streetwear
SaigonFlex UC-50,1621,Streetwear
SaigonFlex UM-12,1614,Streetwear
MekongFit UE-11,1604,Streetwear
MekongFit UE-27,1591,Streetwear
SaigonFlex UC-09,1579,Streetwear
UrbanVN UM-02,1564,Streetwear
VietMotion RS-10,1560,Outdoor
MekongFit RP-44,1558,Outdoor
MekongFit UE-23,1557,Streetwear
SaigonFlex UM-15,1557,Streetwear
MekongFit RP-43,1540,Outdoor
SaigonFlex UM-05,1533,Streetwear
SaigonFlex UM-14,1528,Streetwear
HanoiStreet RP-55,1508,Outdoor
SaigonFlex UC-43,1508,Streetwear
HanoiStreet RP-56,1503,Outdoor
SaigonFlex UC-12,1502,Streetwear
SaigonFlex UC-65,1498,Streetwear
SaigonFlex UC-64,1490,Streetwear
VietMotion RP-04,1489,Outdoor
VietMotion RP-03,1485,Outdoor
VietMotion UE-08,1443,Streetwear
SaigonFlex UM-72,1436,Streetwear
MekongFit UE-08,1431,Streetwear
SaigonFlex UC-45,1429,Streetwear
VietMotion RP-59,1406,Outdoor
VietMotion RP-60,1403,Outdoor
HanoiStreet UE-19,1401,Streetwear
SaigonFlex UC-36,1400,Streetwear
MekongFit UC-14,1395,Streetwear
UrbanVN UE-13,1388,Streetwear
HanoiStreet MA-09,1375,Casual
SaigonFlex UC-06,1370,Streetwear
VietMotion UC-24,1352,Streetwear
MekongFit RP-07,1326,Outdoor
MekongFit RP-08,1323,Outdoor
UrbanVN UC-19,1321,Streetwear
SaigonCore YY-04,1316,GenZ
UrbanVN MA-13,1309,Casual
SaigonFlex UC-40,1305,Streetwear
UrbanVN UC-26,1298,Streetwear
VietMotion UE-17,1297,Streetwear
HanoiStreet UC-52,1291,Streetwear
UrbanVN UE-18,1291,Streetwear
MekongFit UC-31,1283,Streetwear
UrbanVN UE-16,1283,Streetwear
VietMotion UC-27,1269,Streetwear
VietMotion UC-32,1258,Streetwear
UrbanVN RP-50,1241,Outdoor
UrbanVN RP-10,1236,Outdoor
HanoiStreet RS-20,1225,Outdoor
UrbanVN UC-06,1224,Streetwear
UrbanVN RP-49,1223,Outdoor
UrbanVN RP-09,1216,Outdoor
UrbanVN YY-02,1192,GenZ
VietMode RP-09,1187,Outdoor
UrbanVN UC-21,1186,Streetwear
MekongFit UE-22,1182,Streetwear
UrbanVN RP-39,1178,Outdoor
UrbanVN RP-40,1178,Outdoor
SaigonFlex UM-31,1163,Streetwear
VietMode RP-10,1151,Outdoor
VietMotion MA-13,1136,Casual
VietMotion UC-16,1133,Streetwear
VietMotion YY-09,1078,GenZ
SaigonFlex UC-37,1069,Streetwear
UrbanVN RS-01,1069,Outdoor
VietMotion YY-21,1066,GenZ
MekongFit UC-28,1064,Streetwear
DragonWear MA-26,1048,Casual
MekongFit UE-17,1042,Streetwear
MekongFit RS-02,1037,Outdoor
SaigonFlex UC-32,1035,Streetwear
SaigonFlex UC-21,1025,Streetwear
HanoiStreet YY-06,1022,GenZ
SaigonFlex UC-87,1021,Streetwear
UrbanVN RS-08,1017,Outdoor
UrbanVN YY-03,1013,GenZ
MekongFit UM-01,1008,Streetwear
MekongFit UE-14,1000,Streetwear
VietMotion UC-03,988,Streetwear
UrbanVN UC-08,968,Streetwear
SaigonFlex UM-27,961,Streetwear
SaigonFlex UC-96,960,Streetwear
SaigonFlex UM-07,955,Streetwear
SaigonFlex UC-51,941,Streetwear
VietMotion UC-09,930,Streetwear
HanoiStreet UE-24,920,Streetwear
DragonWear UM-42,918,Streetwear
SaigonFlex UC-14,913,Streetwear
UrbanVN MA-17,910,Casual
UrbanVN UR-19,910,Streetwear
VietMotion YY-04,908,GenZ
MekongFit UE-16,890,Streetwear
VietMotion UE-19,889,Streetwear
SaigonFlex UM-75,888,Streetwear
MekongFit UE-01,880,Streetwear
VietMotion RP-02,874,Outdoor
UrbanVN RP-17,873,Outdoor
VietMotion UE-24,870,Streetwear
VietMotion MA-06,866,Casual
VietMotion UC-13,861,Streetwear
SaigonFlex UC-25,855,Streetwear
UrbanVN RP-18,855,Outdoor
VietMotion RP-01,855,Outdoor
SaigonFlex UM-56,854,Streetwear
VietMotion UM-10,850,Streetwear
SaigonFlex UR-01,836,Streetwear
MekongFit UC-17,834,Streetwear
HanoiStreet YY-02,826,GenZ
HanoiStreet UC-17,817,Streetwear
VietMotion UE-26,814,Streetwear
SaigonFlex UC-42,802,Streetwear
MekongFit RP-11,796,Outdoor
VietMode RP-84,795,Outdoor
VietMode RP-83,794,Outdoor
VietMotion YY-11,790,GenZ
VietMotion UC-37,787,Streetwear
HanoiStreet YY-18,786,GenZ
SaigonFlex UC-56,783,Streetwear
HanoiStreet UE-17,776,Streetwear
MekongFit RP-23,772,Outdoor
SaigonFlex UM-66,770,Streetwear
MekongFit RP-12,768,Outdoor
MekongFit RP-24,768,Outdoor
HanoiStreet RS-01,763,Outdoor
IndigoViet UM-08,754,Streetwear
HanoiStreet UC-08,751,Streetwear
MekongFit UE-19,746,Streetwear
UrbanVN RS-06,746,Outdoor
MekongFit UC-15,740,Streetwear
MekongFit UC-19,733,Streetwear
SaigonFlex UM-23,730,Streetwear
SaigonFlex UM-77,728,Streetwear
MekongFit RS-08,726,Outdoor
UrbanVN UC-02,726,Streetwear
UrbanVN MA-08,725,Casual
UrbanVN MA-05,721,Casual
PhoenixWear UR-14,719,Streetwear
MekongFit RP-03,708,Outdoor
SaigonFlex UC-35,702,Streetwear
MekongFit RP-04,696,Outdoor
HanoiStreet RP-04,695,Outdoor
HanoiStreet RP-03,682,Outdoor
VietMotion YY-02,680,GenZ
MekongFit UC-05,679,Streetwear
SaigonFlex UC-10,673,Streetwear
MekongFit RP-39,672,Outdoor
SaigonFlex UC-30,667,Streetwear
UrbanVN UM-01,655,Streetwear
SaigonCore YY-13,650,GenZ
VietMotion UC-15,650,Streetwear
SaigonFlex UC-71,649,Streetwear
SaigonCore YY-25,646,GenZ
UrbanVN UC-27,643,Streetwear
HanoiStreet RS-08,642,Outdoor
HanoiStreet UM-38,642,Streetwear
SaigonFlex UM-00,641,Streetwear
MekongFit RP-05,640,Outdoor
MekongFit RP-40,640,Outdoor
MekongFit UR-12,631,Streetwear
BambooCraft UC-03,630,Streetwear
VietMotion UC-39,629,Streetwear
VietMotion UC-33,628,Streetwear
MekongFit RP-06,624,Outdoor
HanoiStreet RP-17,622,Outdoor
SaigonFlex UM-93,614,Streetwear
VietMotion RP-48,610,Outdoor
HanoiStreet RP-18,608,Outdoor
HanoiStreet RS-13,607,Outdoor
VietMotion RP-47,606,Outdoor
UrbanVN RP-37,587,Outdoor
MekongFit RS-04,586,Outdoor
UrbanVN RP-38,585,Outdoor
HanoiStreet RP-58,583,Outdoor
DragonWear MA-03,581,Casual
VietMotion RP-20,581,Outdoor
SaigonFlex UC-38,579,Streetwear
PhoenixWear UC-10,578,Streetwear
MekongFit MA-07,577,Casual
VietMotion RP-19,573,Outdoor
HanoiStreet RP-57,572,Outdoor
MekongFit UM-14,570,Streetwear
MekongFit UC-30,564,Streetwear
VietMode RP-26,561,Outdoor
VietMode RP-18,560,Outdoor
SaigonCore YY-47,559,GenZ
UrbanVN MA-02,557,Casual
VietMode RP-17,555,Outdoor
HanoiStreet UE-15,554,Streetwear
HanoiStreet YY-07,550,GenZ
SaigonFlex UM-62,548,Streetwear
VietMode RP-25,541,Outdoor
DragonWear UM-20,536,Streetwear
VietMotion UC-21,536,Streetwear
VietMotion MA-11,532,Casual
UrbanVN UE-09,531,Streetwear
SaigonFlex UM-94,525,Streetwear
DragonWear MA-08,524,Casual
HanoiStreet UE-39,524,Streetwear
UrbanVN RS-09,522,Outdoor
SaigonCore YY-54,515,GenZ
VietMode RP-33,515,Outdoor
BambooCraft UC-26,513,Streetwear
SaigonFlex UC-31,512,Streetwear
HanoiStreet MA-06,509,Casual
VietMotion UE-10,509,Streetwear
MekongFit UC-32,506,Streetwear
VietMode RP-34,504,Outdoor
MekongFit MA-01,503,Casual
MekongFit UM-16,503,Streetwear
SaigonCore YY-14,502,GenZ
HanoiStreet UC-09,501,Streetwear
SaigonFlex UM-98,501,Streetwear
MekongFit RP-42,499,Outdoor
SaigonFlex UC-07,493,Streetwear
HanoiStreet RP-84,487,Outdoor
DragonWear UM-30,484,Streetwear
MekongFit RP-41,484,Outdoor
SaigonFlex UC-18,484,Streetwear
HanoiStreet RP-83,483,Outdoor
PhoenixWear UE-03,482,Streetwear
SaigonFlex UC-60,479,Streetwear
IndigoViet UM-04,476,Streetwear
BambooCraft UC-11,475,Streetwear
VietMode RP-88,472,Outdoor
UrbanVN UC-17,466,Streetwear
VietMode RP-31,466,Outdoor
HanoiStreet RP-41,465,Outdoor
UrbanVN UC-09,465,Streetwear
UrbanVN UE-07,465,Streetwear
HanoiStreet YY-23,463,GenZ
VietMotion RP-37,463,Outdoor
VietMotion RP-38,461,Outdoor
SaigonFlex UE-04,460,Streetwear
VietMode RP-81,460,Outdoor
VietMode RP-82,459,Outdoor
PhoenixWear UE-22,458,Streetwear
HanoiStreet RP-76,457,Outdoor
HanoiStreet RP-75,456,Outdoor
SaigonFlex UC-49,456,Streetwear
VietMode RP-32,456,Outdoor
VietMode RP-87,455,Outdoor
VietMotion UM-01,453,Streetwear
VietMode RP-11,452,Outdoor
UrbanVN UC-05,451,Streetwear
HanoiStreet RP-42,450,Outdoor
VietMotion MA-03,446,Casual
VietMode RP-12,445,Outdoor
SaigonFlex UM-20,444,Streetwear
MekongFit RP-50,443,Outdoor
MekongFit UC-03,443,Streetwear
VietMotion UC-17,441,Streetwear
DragonWear UM-19,440,Streetwear
MekongFit MA-10,440,Casual
MekongFit RP-49,437,Outdoor
HanoiStreet UC-15,436,Streetwear
SaigonFlex UM-52,436,Streetwear
VietMode RP-45,429,Outdoor
VietMode RP-46,426,Outdoor
HanoiStreet RP-33,424,Outdoor
MekongFit UM-08,421,Streetwear
HanoiStreet RP-34,420,Outdoor
VietMotion UC-08,419,Streetwear
BambooCraft UC-08,416,Streetwear
MekongFit UC-29,416,Streetwear
SaigonFlex UM-61,410,Streetwear
SaigonFlex UM-33,408,Streetwear
UrbanVN RP-11,406,Outdoor
UrbanVN UC-01,406,Streetwear
VietMode RP-75,406,Outdoor
VietMode RP-76,406,Outdoor
UrbanVN UC-18,404,Streetwear
SaigonFlex UM-25,403,Streetwear
VietMotion UC-29,403,Streetwear
SaigonFlex UM-76,401,Streetwear
VietMode RP-35,401,Outdoor
UrbanVN RP-12,398,Outdoor
VietMode RP-40,396,Outdoor
SaigonFlex UC-28,395,Streetwear
VietMode RP-39,394,Outdoor
SaigonFlex UM-06,391,Streetwear
HanoiStreet UC-26,388,Streetwear
VietMode RP-36,385,Outdoor
PhoenixWear UR-12,384,Streetwear
SaigonFlex UC-48,384,Streetwear
UrbanVN RS-10,382,Outdoor
UrbanVN MA-01,379,Casual
UrbanVN UC-16,379,Streetwear
DragonWear UE-11,375,Streetwear
HanoiStreet UE-04,375,Streetwear
SaigonFlex UC-20,374,Streetwear
UrbanVN RP-01,369,Outdoor
VietMotion UC-19,368,Streetwear
VietMotion UE-01,367,Streetwear
HanoiStreet RP-77,365,Outdoor
HanoiStreet RP-78,363,Outdoor
HanoiStreet RS-04,363,Outdoor
UrbanVN RP-33,359,Outdoor
MekongFit UC-33,357,Streetwear
BambooCraft UM-13,356,Streetwear
VietMode RP-22,355,Outdoor
VietMotion YY-12,355,GenZ
UrbanVN YY-01,354,GenZ
HanoiStreet RS-11,353,Outdoor
MekongFit RS-06,353,Outdoor
SaigonFlex UM-65,353,Streetwear
VietMode RP-21,352,Outdoor
UrbanVN RP-02,351,Outdoor
UrbanVN RP-34,350,Outdoor
UrbanVN UC-12,346,Streetwear
DragonWear MA-09,343,Casual
MekongFit UR-01,336,Streetwear
PhoenixWear UR-21,336,Streetwear
UrbanVN UC-28,333,Streetwear
HanoiStreet RS-07,332,Outdoor
PhoenixWear UC-01,332,Streetwear
SaigonFlex UM-36,332,Streetwear
BambooCraft UC-24,330,Streetwear
HanoiStreet UR-08,330,Streetwear
NamStyle YY-33,327,GenZ
DragonWear MA-36,325,Casual
MekongFit RP-52,322,Outdoor
BambooCraft UM-17,318,Streetwear
MekongFit RS-01,318,Outdoor
MekongFit UE-10,316,Streetwear
SaigonFlex UC-82,316,Streetwear
SaigonFlex UC-04,314,Streetwear
HanoiStreet UM-23,313,Streetwear
HanoiStreet YY-09,313,GenZ
SaigonFlex UM-08,313,Streetwear
MekongFit RP-16,310,Outdoor
MekongFit RP-51,310,Outdoor
SaigonFlex UC-34,307,Streetwear
UrbanVN UE-20,306,Streetwear
MekongFit UE-06,304,Streetwear
MekongFit RP-15,303,Outdoor
SaigonFlex UM-13,303,Streetwear
VietMode RP-41,302,Outdoor
MekongFit RP-56,301,Outdoor
SaigonCore YY-45,300,GenZ
MekongFit RP-55,299,Outdoor
MekongFit RS-07,297,Outdoor
SaigonFlex UM-03,296,Streetwear
VietMode RP-42,295,Outdoor
VietMode RP-05,293,Outdoor
SaigonFlex UC-02,292,Streetwear
DragonWear UE-13,291,Streetwear
SaigonFlex UC-05,291,Streetwear
VietMode RP-06,291,Outdoor
SaigonFlex UC-97,290,Streetwear
PhoenixWear UC-14,288,Streetwear
SaigonFlex UM-10,286,Streetwear
UrbanVN UC-29,285,Streetwear
UrbanVN RP-56,284,Outdoor
UrbanVN RP-55,282,Outdoor
SaigonFlex UM-09,276,Streetwear
MekongFit UM-19,271,Streetwear
LotusWear UR-12,270,Streetwear
SaigonCore YY-21,270,GenZ
MekongFit MA-03,269,Casual
MekongFit RP-36,267,Outdoor
UrbanVN UC-11,265,Streetwear
MekongFit UE-09,262,Streetwear
MekongFit RP-35,261,Outdoor
VietMode RP-23,259,Outdoor
SaigonFlex UE-19,255,Streetwear
SaigonFlex UC-53,254,Streetwear
VietMode RP-24,254,Outdoor
HanoiStreet YY-20,253,GenZ
LotusWear UE-63,253,Streetwear
UrbanVN UR-07,253,Streetwear
PhoenixWear UR-08,252,Streetwear
VietMode RP-16,248,Outdoor
SaigonFlex UM-42,247,Streetwear
DragonWear UR-34,246,Streetwear
IndigoViet UM-03,246,Streetwear
SaigonFlex UE-21,245,Streetwear
UrbanVN RP-24,244,Outdoor
VietMode RP-15,241,Outdoor
MekongFit RP-27,240,Outdoor
SaigonFlex UC-27,239,Streetwear
UrbanVN RP-23,239,Outdoor
UrbanVN RP-41,237,Outdoor
SaigonCore YY-05,236,GenZ
SaigonFlex UC-99,236,Streetwear
MekongFit UM-20,235,Streetwear
PhoenixWear UR-20,235,Streetwear
SaigonFlex UE-16,235,Streetwear
SaigonFlex UC-03,232,Streetwear
SaigonFlex UM-95,232,Streetwear
MekongFit RP-28,231,Outdoor
SaigonFlex UM-40,231,Streetwear
SaigonFlex UC-33,227,Streetwear
VietMode RS-35,227,Outdoor
UrbanVN RP-42,226,Outdoor
SaigonFlex UC-98,225,Streetwear
HanoiStreet UC-48,224,Streetwear
IndigoViet UM-09,223,Streetwear
VietMode RP-00,223,Outdoor
VietMode RP-86,223,Outdoor
VietMode RP-99,222,Outdoor
VietMode RP-85,220,Outdoor
VietMotion UC-22,220,Streetwear
DragonWear UM-34,217,Streetwear
LotusWear UE-54,217,Streetwear
MekongFit UE-04,217,Streetwear
MekongFit UM-13,217,Streetwear
PhoenixWear UM-03,214,Streetwear
IndigoViet UM-02,213,Streetwear
SaigonCore YY-48,212,GenZ
SaigonFlex UC-11,211,Streetwear
SaigonFlex UC-76,210,Streetwear
SaigonCore YY-40,209,GenZ
VietMotion MA-16,209,Casual
SaigonFlex UM-30,207,Streetwear
SaigonFlex UC-47,206,Streetwear
UrbanVN UE-21,206,Streetwear
UrbanVN UR-15,206,Streetwear
HanoiStreet YY-13,205,GenZ
LotusWear UE-83,205,Streetwear
MekongFit UM-11,203,Streetwear
MekongFit UM-17,203,Streetwear
NamStyle YY-14,202,GenZ
SaigonFlex UM-17,201,Streetwear
VietMode RP-20,201,Outdoor
HanoiStreet UC-03,199,Streetwear
VietMode RP-19,199,Outdoor
DragonWear UM-36,197,Streetwear
SaigonFlex UM-02,197,Streetwear
HanoiStreet UC-10,195,Streetwear
SaigonFlex UM-55,195,Streetwear
VietMode MA-22,194,Casual
VietMode RP-28,194,Outdoor
VietMotion UE-15,193,Streetwear
MekongFit MA-08,188,Casual
MekongFit UR-02,188,Streetwear
HanoiStreet YY-08,187,GenZ
UrbanVN UR-39,187,Streetwear
VietMode RP-27,187,Outdoor
HanoiStreet UE-22,186,Streetwear
SaigonCore YY-46,186,GenZ
SaigonFlex UE-17,186,Streetwear
SaigonFlex UM-29,185,Streetwear
DragonWear UR-36,182,Streetwear
HanoiStreet UC-60,182,Streetwear
MekongFit UR-10,182,Streetwear
SaigonFlex UM-45,182,Streetwear
DragonWear UM-21,181,Streetwear
HanoiStreet YY-03,181,GenZ
SaigonCore YY-32,180,GenZ
SaigonFlex UM-34,180,Streetwear
VietMotion UC-11,180,Streetwear
SaigonFlex UM-81,178,Streetwear
SaigonFlex UC-58,177,Streetwear
VietMode RS-14,176,Outdoor
HanoiStreet UE-31,175,Streetwear
SaigonFlex UC-88,175,Streetwear
DragonWear MA-17,174,Casual
VietMotion YY-13,174,GenZ
MekongFit UC-34,172,Streetwear
SaigonFlex UE-22,172,Streetwear
UrbanVN RP-13,172,Outdoor
UrbanVN RP-14,172,Outdoor
HanoiStreet UC-18,170,Streetwear
SaigonCore YY-22,170,GenZ
VietMode MP-22,168,Casual
DragonWear MA-04,167,Casual
HanoiStreet YY-14,165,GenZ
LotusWear UR-39,165,Streetwear
MekongFit UE-15,165,Streetwear
BambooCraft UM-01,164,Streetwear
SaigonFlex UC-66,164,Streetwear
VietMotion YY-14,163,GenZ
VietMode MP-21,162,Casual
MekongFit UM-18,160,Streetwear
SaigonFlex UC-57,160,Streetwear
HanoiStreet UC-37,159,Streetwear
MekongFit RS-05,159,Outdoor
VietMotion MA-07,158,Casual
SaigonFlex UM-83,157,Streetwear
BambooCraft UM-16,156,Streetwear
PhoenixWear UE-06,156,Streetwear
HanoiStreet UC-58,155,Streetwear
NamStyle YY-18,155,GenZ
MekongFit RP-13,154,Outdoor
UrbanVN UE-10,154,Streetwear
MekongFit RP-14,153,Outdoor
VietMode MA-44,153,Casual
HanoiStreet UE-14,152,Streetwear
VietMode MP-19,150,Casual
VietMode MP-20,150,Casual
SaigonFlex UM-28,149,Streetwear
UrbanVN UR-02,149,Streetwear
DragonWear UM-33,148,Streetwear
HanoiStreet YY-27,148,GenZ
IndigoViet UM-06,148,Streetwear
SaigonCore YY-41,148,GenZ
DragonWear MA-31,147,Casual
PhoenixWear UR-10,147,Streetwear
HanoiStreet UC-22,146,Streetwear
MekongStyle UC-12,146,Streetwear
UrbanVN RS-05,146,Outdoor
HanoiStreet UC-36,145,Streetwear
MekongFit RP-33,142,Outdoor
HanoiStreet UC-19,139,Streetwear
MekongFit RP-34,139,Outdoor
HanoiStreet UC-45,138,Streetwear
HanoiStreet UC-59,137,Streetwear
MekongFit MA-02,137,Casual
LotusWear UR-09,136,Streetwear
VietMode RP-74,136,Outdoor
LotusWear UR-11,133,Streetwear
SaigonFlex UM-99,133,Streetwear
HanoiStreet UC-42,131,Streetwear
SaigonFlex UC-91,131,Streetwear
PhoenixWear UR-19,130,Streetwear
SaigonCore YY-42,129,GenZ
UrbanVN RP-15,129,Outdoor
MekongFit MA-05,128,Casual
MekongFit UE-13,128,Streetwear
SaigonFlex UM-91,128,Streetwear
MekongFit UE-32,127,Streetwear
SaigonFlex UE-11,127,Streetwear
UrbanVN RS-03,127,Outdoor
PhoenixWear UR-09,126,Streetwear
LotusWear UE-43,125,Streetwear
LotusWear UR-14,125,Streetwear
PhoenixWear UM-11,125,Streetwear
SaigonCore YY-06,125,GenZ
SaigonFlex UM-64,125,Streetwear
HanoiStreet UC-11,124,Streetwear
HanoiStreet UE-23,124,Streetwear
MekongFit UM-02,124,Streetwear
VietMode MP-29,124,Casual
LotusWear UE-16,123,Streetwear
MekongFit RP-58,123,Outdoor
MekongFit UE-24,123,Streetwear
SaigonFlex UE-03,123,Streetwear
UrbanVN RP-16,123,Outdoor
UrbanVN UM-04,123,Streetwear
VietMode RP-73,123,Outdoor
DragonWear UE-08,122,Streetwear
MekongFit RP-38,122,Outdoor
VietMode RS-78,122,Outdoor
LotusWear UR-08,121,Streetwear
SaigonCore YY-24,121,GenZ
HanoiStreet UC-34,120,Streetwear
LotusWear UE-01,120,Streetwear
MekongFit UR-05,120,Streetwear
UrbanVN UC-04,120,Streetwear
DragonWear UR-04,119,Streetwear
MekongFit RP-57,119,Outdoor
VietMode RP-89,119,Outdoor
HanoiStreet RP-28,118,Outdoor
MekongFit UC-04,118,Streetwear
SaigonFlex UC-95,118,Streetwear
HanoiStreet MA-13,117,Casual
VietMode MP-30,117,Casual
DragonWear UM-03,116,Streetwear
HanoiStreet MA-18,116,Casual
HanoiStreet UC-05,116,Streetwear
MekongFit RP-37,116,Outdoor
PhoenixWear UM-07,116,Streetwear
UrbanVN RP-54,116,Outdoor
UrbanVN UC-22,116,Streetwear
UrbanVN UR-18,116,Streetwear
VietMode RP-90,116,Outdoor
PhoenixWear UE-10,113,Streetwear
SaigonFlex UE-13,113,Streetwear
SaigonFlex UM-60,112,Streetwear
BambooCraft UC-16,111,Streetwear
BambooCraft UM-06,111,Streetwear
HanoiStreet RP-27,111,Outdoor
SaigonCore UE-01,111,Streetwear
VietMode RP-43,111,Outdoor
VietMode RP-44,111,Outdoor
VietMotion UC-23,111,Streetwear
HanoiStreet UC-43,109,Streetwear
UrbanVN RP-53,109,Outdoor
BambooCraft UM-19,108,Streetwear
LotusWear UR-01,108,Streetwear
NamStyle YY-16,108,GenZ
SaigonFlex UC-52,108,Streetwear
SaigonCore YY-50,107,GenZ
SaigonFlex UC-44,107,Streetwear
DragonWear UR-41,106,Streetwear
UrbanVN UC-15,106,Streetwear
UrbanVN UR-08,106,Streetwear
LotusWear UE-42,105,Streetwear
NamStyle YY-09,105,GenZ
NamStyle YY-11,104,GenZ
PhoenixWear MA-02,104,Casual
SaigonCore YY-20,104,GenZ
SaigonFlex UM-69,104,Streetwear
BambooCraft UC-25,103,Streetwear
MekongFit UC-16,103,Streetwear
MekongFit RS-11,102,Outdoor
LotusWear UR-33,101,Streetwear
HanoiStreet RP-05,100,Outdoor
HanoiStreet UM-06,100,Streetwear
MekongFit UE-34,100,Streetwear
SaigonCore UE-21,100,Streetwear
HanoiStreet UE-18,99,Streetwear
HanoiStreet UC-20,98,Streetwear
HanoiStreet UM-12,98,Streetwear
PhoenixWear UC-13,98,Streetwear
SaigonCore YY-26,98,GenZ
UrbanVN YY-04,98,GenZ
HanoiStreet RP-06,97,Outdoor
HanoiStreet UM-19,97,Streetwear
LotusWear UR-10,97,Streetwear
MekongFit UM-04,97,Streetwear
PhoenixWear UC-16,97,Streetwear
SaigonCore YY-18,97,GenZ
SaigonFlex UM-84,97,Streetwear
HanoiStreet UE-45,96,Streetwear
LotusWear UR-31,96,Streetwear
LotusWear UR-48,96,Streetwear
SaigonCore YY-57,94,GenZ
VietMode RS-26,94,Outdoor
LotusWear UC-02,93,Streetwear
NamStyle YY-25,93,GenZ
PhoenixWear UM-14,93,Streetwear
SaigonFlex UE-08,93,Streetwear
SaigonFlex UC-23,92,Streetwear
SaigonFlex UM-41,92,Streetwear
VietMode UE-12,92,Streetwear
VietMotion UE-22,92,Streetwear
LotusWear UE-04,91,Streetwear
SaigonCore YY-11,91,GenZ
SaigonCore YY-12,91,GenZ
VietMode RP-67,91,Outdoor
VietMode RP-68,91,Outdoor
HanoiStreet RP-08,90,Outdoor
PhoenixWear UM-15,90,Streetwear
SaigonFlex UC-67,90,Streetwear
DragonWear UM-35,88,Streetwear
HanoiStreet RP-07,88,Outdoor
MekongStyle UC-06,88,Streetwear
SaigonFlex UM-24,88,Streetwear
VietMotion UM-06,88,Streetwear
VietMode RS-43,87,Outdoor
SaigonFlex UM-97,86,Streetwear
HanoiStreet UC-62,85,Streetwear
SaigonCore YY-39,85,GenZ
DragonWear UM-01,84,Streetwear
UrbanVN UC-20,84,Streetwear
VietMode RP-03,84,Outdoor
SaigonCore YY-02,83,GenZ
SaigonFlex UM-35,83,Streetwear
VietMode RP-04,83,Outdoor
BambooCraft UC-05,82,Streetwear
LotusWear UE-56,82,Streetwear
MekongStyle UC-13,82,Streetwear
UrbanVN UR-29,82,Streetwear
HanoiStreet UC-31,81,Streetwear
PhoenixWear UE-17,81,Streetwear
SaigonCore YY-31,81,GenZ
SaigonCore YY-33,81,GenZ
VietMotion RS-03,81,Outdoor
LotusWear UR-24,80,Streetwear
VietMode MP-14,80,Casual
SaigonFlex UM-32,79,Streetwear
UrbanVN UR-37,79,Streetwear
LotusWear UE-77,78,Streetwear
SaigonCore YY-08,77,GenZ
VietMode UE-10,77,Streetwear
HanoiStreet UE-35,76,Streetwear
MekongFit UM-10,76,Streetwear
SaigonFlex UE-06,76,Streetwear
DragonWear UR-15,75,Streetwear
SaigonFlex UE-05,75,Streetwear
VietMode MP-13,75,Casual
VietMode RS-04,75,Outdoor
SaigonFlex UC-68,74,Streetwear
UrbanVN UR-42,74,Streetwear
VietMode MP-12,74,Casual
VietMode MP-27,74,Casual
HanoiStreet RP-02,73,Outdoor
HanoiStreet UC-41,73,Streetwear
HanoiStreet UR-28,73,Streetwear
PhoenixWear UC-15,73,Streetwear
SaigonFlex UM-78,73,Streetwear
VietMode MP-11,73,Casual
HanoiStreet UC-21,72,Streetwear
SaigonCore UE-13,72,Streetwear
LotusWear UE-80,71,Streetwear
MekongFit UM-03,71,Streetwear
BambooCraft UM-04,70,Streetwear
DragonWear UE-15,70,Streetwear
LotusWear UR-36,70,Streetwear
VietMode RS-45,70,Outdoor
HanoiStreet UE-25,69,Streetwear
LotusWear UE-70,69,Streetwear
VietMode RP-50,69,Outdoor
VietMode RP-96,69,Outdoor
PhoenixWear UC-07,68,Streetwear
SaigonCore YY-10,68,GenZ
HanoiStreet RP-01,67,Outdoor
NamStyle YY-08,67,GenZ
VietMode RP-95,67,Outdoor
LotusWear UE-20,66,Streetwear
PhoenixWear UE-01,66,Streetwear
PhoenixWear UM-06,66,Streetwear
UrbanVN RS-02,66,Outdoor
VietMode RP-49,66,Outdoor
VietMode MP-28,65,Casual
BambooCraft UC-17,64,Streetwear
LotusWear UC-03,64,Streetwear
PhoenixWear MA-03,64,Casual
SaigonCore YY-43,64,GenZ
UrbanVN RS-12,64,Outdoor
HanoiStreet UR-09,63,Streetwear
LotusWear UM-02,63,Streetwear
SaigonFlex UM-19,63,Streetwear
LotusWear UE-32,62,Streetwear
LotusWear UE-53,62,Streetwear
MekongFit UC-22,62,Streetwear
NamStyle YY-22,62,GenZ
SaigonCore UR-09,62,Streetwear
SaigonFlex UC-17,62,Streetwear
VietMode RP-55,62,Outdoor
DragonWear UR-07,61,Streetwear
LotusWear UR-18,61,Streetwear
SaigonCore YY-17,61,GenZ
SaigonCore YY-55,61,GenZ
VietMode MA-35,61,Casual
VietMode RP-56,61,Outdoor
HanoiStreet UE-08,60,Streetwear
PhoenixWear UE-04,60,Streetwear
SaigonFlex UC-19,60,Streetwear
SaigonFlex UC-77,60,Streetwear
BambooCraft UC-12,59,Streetwear
MekongFit UC-23,59,Streetwear
SaigonFlex UC-90,59,Streetwear
MekongFit UE-33,58,Streetwear
VietMotion RP-24,58,Outdoor
VietMotion UM-08,58,Streetwear
NamStyle YY-10,57,GenZ
DragonWear UR-21,56,Streetwear
SaigonCore RP-09,56,Outdoor
UrbanVN RP-22,56,Outdoor
BambooCraft UC-13,55,Streetwear
UrbanVN RP-21,55,Outdoor
VietMode RP-07,55,Outdoor
VietMotion RP-23,55,Outdoor
MekongFit RP-22,54,Outdoor
SaigonCore YY-27,54,GenZ
VietMode MA-41,54,Casual
LotusWear UE-27,53,Streetwear
LotusWear UE-92,53,Streetwear
LotusWear UM-05,53,Streetwear
PhoenixWear UE-02,53,Streetwear
LotusWear UE-13,52,Streetwear
SaigonCore RP-10,52,Outdoor
SaigonCore YY-35,52,GenZ
VietMode RP-08,52,Outdoor
VietMode RP-94,52,Outdoor
DragonWear UC-02,51,Streetwear
DragonWear UE-02,51,Streetwear
LotusWear UR-46,51,Streetwear
MekongFit RP-21,51,Outdoor
SaigonCore YY-03,51,GenZ
SaigonCore YY-07,51,GenZ
VietMode RP-93,51,Outdoor
VietMode RS-28,51,Outdoor
BambooCraft UC-18,50,Streetwear
DragonWear UC-05,50,Streetwear
HanoiStreet RS-09,50,Outdoor
LotusWear UE-06,50,Streetwear
UrbanVN UE-02,50,Streetwear
VietMode MA-08,50,Casual
VietMode RS-88,50,Outdoor
BambooCraft UC-02,49,Streetwear
DragonWear MA-13,49,Casual
DragonWear MA-38,49,Casual
DragonWear UM-13,49,Streetwear
SaigonCore UM-04,49,Streetwear
UrbanVN UR-25,49,Streetwear
VietMode RS-84,49,Outdoor
HanoiStreet UC-12,48,Streetwear
LotusWear UR-45,48,Streetwear
PhoenixWear UC-03,48,Streetwear
SaigonCore UE-24,48,Streetwear
SaigonFlex UC-73,48,Streetwear
VietMode RP-65,48,Outdoor
LotusWear UE-96,47,Streetwear
LotusWear UR-15,47,Streetwear
NamStyle YY-03,47,GenZ
SaigonCore YY-16,47,GenZ
UrbanVN UE-06,47,Streetwear
VietMode RP-66,47,Outdoor
VietMode UE-11,47,Streetwear
LotusWear UE-26,46,Streetwear
SaigonCore UC-06,46,Streetwear
SaigonCore UM-03,46,Streetwear
SaigonCore UR-01,46,Streetwear
SaigonCore YY-56,46,GenZ
SaigonFlex UE-20,45,Streetwear
UrbanVN RP-26,45,Outdoor
VietMode RS-22,45,Outdoor
LotusWear UR-16,44,Streetwear
SaigonFlex UM-16,44,Streetwear
VietMode RS-34,44,Outdoor
BambooCraft UM-09,43,Streetwear
MekongFit UE-20,43,Streetwear
VietMode RP-38,43,Outdoor
BambooCraft UM-08,42,Streetwear
DragonWear MA-21,42,Casual
MekongFit MA-04,42,Casual
MekongFit UE-30,42,Streetwear
SaigonCore UE-25,42,Streetwear
SaigonFlex UM-86,42,Streetwear
SaigonCore UE-10,41,Streetwear
VietMode RP-37,41,Outdoor
DragonWear UE-05,40,Streetwear
LotusWear UE-25,40,Streetwear
NamStyle YY-04,40,GenZ
PhoenixWear MA-05,40,Casual
SaigonCore UE-09,40,Streetwear
VietMode MA-07,40,Casual
VietMode MP-31,40,Casual
VietMode MP-32,40,Casual
VietMode RP-98,40,Outdoor
VietMode RS-05,40,Outdoor
VietMode UE-06,40,Streetwear
VietMode UE-15,40,Streetwear
DragonWear UR-14,39,Streetwear
HanoiStreet UC-13,39,Streetwear
LotusWear UE-03,39,Streetwear
PhoenixWear UE-12,39,Streetwear
UrbanVN RP-25,39,Outdoor
VietMode RP-51,39,Outdoor
VietMode RP-52,39,Outdoor
DragonWear UM-16,38,Streetwear
SaigonCore UE-07,38,Streetwear
SaigonCore UE-17,38,Streetwear
VietMotion YY-16,38,GenZ
LotusWear UR-21,37,Streetwear
VietMode RP-63,37,Outdoor
VietMode RP-97,37,Outdoor
VietMode RS-03,37,Outdoor
SaigonCore UE-16,36,Streetwear
SaigonFlex UC-79,36,Streetwear
UrbanVN UC-14,36,Streetwear
DragonWear UE-16,35,Streetwear
PhoenixWear UR-02,35,Streetwear
SaigonCore UM-01,35,Streetwear
SaigonCore YY-28,35,GenZ
VietMode MA-23,35,Casual
VietMode RS-41,35,Outdoor
DragonWear UE-06,34,Streetwear
DragonWear UR-35,34,Streetwear
LotusWear UR-25,34,Streetwear
LotusWear UR-49,34,Streetwear
SaigonCore UC-03,34,Streetwear
BambooCraft UC-14,33,Streetwear
LotusWear UR-32,33,Streetwear
MekongFit UR-13,33,Streetwear
VietMode RP-61,33,Outdoor
VietMode RP-64,33,Outdoor
VietMode UE-03,33,Streetwear
LotusWear UE-28,32,Streetwear
LotusWear UE-57,32,Streetwear
MekongFit UR-07,32,Streetwear
PhoenixWear UC-08,32,Streetwear
VietMode RP-13,32,Outdoor
VietMode RP-62,32,Outdoor
LotusWear UE-87,31,Streetwear
NamStyle YY-31,31,GenZ
PhoenixWear UC-09,31,Streetwear
PhoenixWear UM-10,31,Streetwear
SaigonCore YY-51,31,GenZ
VietMode MA-40,31,Casual
HanoiStreet UE-06,30,Streetwear
HanoiStreet YY-15,30,GenZ
LotusWear UE-59,30,Streetwear
LotusWear UR-19,30,Streetwear
SaigonFlex UM-26,30,Streetwear
UrbanVN UE-11,30,Streetwear
VietMode RP-14,30,Outdoor
DragonWear MA-07,29,Casual
HanoiStreet UC-61,29,Streetwear
HanoiStreet UE-46,29,Streetwear
LotusWear UR-23,29,Streetwear
PhoenixWear UE-21,29,Streetwear
SaigonCore UC-04,29,Streetwear
SaigonFlex UC-92,29,Streetwear
HanoiStreet RS-06,28,Outdoor
HanoiStreet UE-05,28,Streetwear
LotusWear UE-29,28,Streetwear
LotusWear UE-71,28,Streetwear
SaigonFlex RS-01,28,Outdoor
DragonWear MA-23,27,Casual
HanoiStreet UM-30,27,Streetwear
NamStyle YY-17,27,GenZ
NamStyle YY-24,27,GenZ
BambooCraft UC-22,26,Streetwear
LotusWear UE-55,26,Streetwear
LotusWear UE-68,26,Streetwear
LotusWear UE-90,26,Streetwear
LotusWear UR-30,26,Streetwear
NamStyle YY-26,26,GenZ
SaigonCore UE-03,26,Streetwear
SaigonCore UR-11,26,Streetwear
SaigonFlex UE-23,26,Streetwear
VietMode MA-33,26,Casual
VietMode MA-39,26,Casual
VietMode RP-58,26,Outdoor
VietMode RP-72,26,Outdoor
VietMode RS-06,26,Outdoor
VietMode UR-01,26,Streetwear
DragonWear UC-07,25,Streetwear
LotusWear UR-42,25,Streetwear
MekongFit UC-12,25,Streetwear
PhoenixWear UM-08,25,Streetwear
SaigonCore UC-01,25,Streetwear
BambooCraft UC-15,24,Streetwear
BambooCraft UM-10,24,Streetwear
DragonWear RP-09,24,Outdoor
DragonWear RP-10,24,Outdoor
DragonWear UC-08,24,Streetwear
DragonWear UM-27,24,Streetwear
DragonWear UM-41,24,Streetwear
LotusWear UM-03,24,Streetwear
SaigonCore UR-03,24,Streetwear
VietMode MA-13,24,Casual
VietMode MA-25,24,Casual
VietMode RP-57,24,Outdoor
VietMode RP-71,24,Outdoor
HanoiStreet RS-17,23,Outdoor
NamStyle YY-07,23,GenZ
SaigonCore RP-13,23,Outdoor
SaigonCore UR-08,23,Streetwear
SaigonCore YY-23,23,GenZ
SaigonCore YY-34,23,GenZ
UrbanVN UE-04,23,Streetwear
VietMode MA-15,23,Casual
VietMode RS-10,23,Outdoor
BambooCraft UM-18,22,Streetwear
DragonWear RP-14,22,Outdoor
LotusWear UR-07,22,Streetwear
LotusWear UR-50,22,Streetwear
SaigonCore RP-14,22,Outdoor
SaigonCore UE-08,22,Streetwear
SaigonCore YY-38,22,GenZ
SaigonCore YY-44,22,GenZ
SaigonFlex UC-83,22,Streetwear
VietMode RS-21,22,Outdoor
DragonWear MA-40,21,Casual
DragonWear RP-13,21,Outdoor
HanoiStreet UC-38,21,Streetwear
HanoiStreet UE-30,21,Streetwear
LotusWear UE-02,21,Streetwear
LotusWear UE-46,21,Streetwear
SaigonCore UC-11,21,Streetwear
SaigonFlex UM-67,21,Streetwear
VietMode MA-34,21,Casual
VietMode RP-53,21,Outdoor
VietMode UE-14,21,Streetwear
DragonWear MA-12,20,Casual
HanoiStreet UE-42,20,Streetwear
LotusWear UE-05,20,Streetwear
LotusWear UE-45,20,Streetwear
LotusWear UE-82,20,Streetwear
LotusWear UR-41,20,Streetwear
MekongFit UC-13,20,Streetwear
PhoenixWear UC-04,20,Streetwear
PhoenixWear UE-08,20,Streetwear
SaigonCore UE-12,20,Streetwear
SaigonFlex UC-75,20,Streetwear
SaigonFlex UM-71,20,Streetwear
VietMode MA-09,20,Casual
VietMode RP-54,20,Outdoor
DragonWear MA-14,19,Casual
LotusWear UE-67,19,Streetwear
LotusWear UR-13,19,Streetwear
SaigonCore MA-03,19,Casual
SaigonCore UC-07,19,Streetwear
SaigonFlex UM-63,19,Streetwear
SaigonFlex UM-89,19,Streetwear
VietMode UE-09,19,Streetwear
VietMode UE-17,19,Streetwear
BambooCraft UM-11,18,Streetwear
DragonWear MA-43,18,Casual
DragonWear RP-18,18,Outdoor
DragonWear UE-10,18,Streetwear
DragonWear UR-12,18,Streetwear
DragonWear UR-31,18,Streetwear
DragonWear YY-02,18,GenZ
HanoiStreet YY-04,18,GenZ
LotusWear UR-51,18,Streetwear
MekongFit UC-09,18,Streetwear
SaigonCore RP-12,18,Outdoor
SaigonCore YY-36,18,GenZ
SaigonFlex UM-57,18,Streetwear
UrbanVN RS-04,18,Outdoor
VietMode RS-07,18,Outdoor
DragonWear MA-10,17,Casual
DragonWear MA-15,17,Casual
DragonWear RP-17,17,Outdoor
LotusWear UE-18,17,Streetwear
LotusWear UE-52,17,Streetwear
LotusWear UM-01,17,Streetwear
SaigonCore UC-10,17,Streetwear
SaigonCore UE-06,17,Streetwear
SaigonFlex UE-02,17,Streetwear
SaigonFlex UM-22,17,Streetwear
SaigonFlex UM-47,17,Streetwear
SaigonFlex UM-49,17,Streetwear
SaigonFlex UM-87,17,Streetwear
VietMode UE-08,17,Streetwear
DragonWear MA-27,16,Casual
DragonWear MA-45,16,Casual
DragonWear UR-26,16,Streetwear
HanoiStreet UC-25,16,Streetwear
LotusWear UR-20,16,Streetwear
PhoenixWear UM-12,16,Streetwear
PhoenixWear UR-07,16,Streetwear
SaigonCore RP-11,16,Outdoor
SaigonFlex UE-01,16,Streetwear
VietMode MA-37,16,Casual
VietMode RS-15,16,Outdoor
HanoiStreet UM-21,15,Streetwear
LotusWear UE-00,15,Streetwear
LotusWear UE-48,15,Streetwear
MekongFit RS-10,15,Outdoor
NamStyle UC-01,15,Streetwear
SaigonCore UC-02,15,Streetwear
SaigonCore YY-15,15,GenZ
VietMode MA-14,15,Casual
VietMode MP-04,15,Casual
VietMode RS-02,15,Outdoor
VietMotion YY-15,15,GenZ
LotusWear UM-06,14,Streetwear
LotusWear UR-44,14,Streetwear
NamStyle YY-36,14,GenZ
SaigonCore MA-05,14,Casual
VietMode MA-21,14,Casual
VietMode MP-03,14,Casual
VietMode RS-95,14,Outdoor
BambooCraft UC-10,13,Streetwear
BambooCraft UM-02,13,Streetwear
DragonWear UE-01,13,Streetwear
LotusWear UE-15,13,Streetwear
LotusWear UE-69,13,Streetwear
MekongFit UE-02,13,Streetwear
PhoenixWear UE-18,13,Streetwear
PhoenixWear UR-18,13,Streetwear
SaigonCore UE-14,13,Streetwear
SaigonFlex UM-88,13,Streetwear
VietMode MA-24,13,Casual
VietMode MP-07,13,Casual
VietMode RS-46,13,Outdoor
DragonWear RP-21,12,Outdoor
LotusWear UE-73,12,Streetwear
LotusWear UE-93,12,Streetwear
SaigonCore YY-53,12,GenZ
SaigonFlex UC-93,12,Streetwear
UrbanVN UR-31,12,Streetwear
VietMode MP-08,12,Casual
DragonWear RP-22,11,Outdoor
LotusWear UR-03,11,Streetwear
NamStyle UE-01,11,Streetwear
PhoenixWear MA-04,11,Casual
SaigonCore UR-06,11,Streetwear
SaigonFlex UM-21,11,Streetwear
VietMode RP-77,11,Outdoor
VietMode RS-67,11,Outdoor
VietMotion RS-12,11,Outdoor
LotusWear UE-21,10,Streetwear
LotusWear UE-76,10,Streetwear
VietMode MA-11,10,Casual
VietMode RS-39,10,Outdoor
DragonWear MA-42,9,Casual
DragonWear UC-03,9,Streetwear
HanoiStreet RS-10,9,Outdoor
LotusWear UC-04,9,Streetwear
LotusWear UE-74,9,Streetwear
LotusWear UR-05,9,Streetwear
PhoenixWear UR-04,9,Streetwear
SaigonCore UE-02,9,Streetwear
SaigonCore UR-10,9,Streetwear
UrbanVN UE-17,9,Streetwear
VietMode RP-69,9,Outdoor
VietMode RS-30,9,Outdoor
BambooCraft UC-07,8,Streetwear
BambooCraft UC-20,8,Streetwear
BambooCraft UM-14,8,Streetwear
DragonWear MA-28,8,Casual
DragonWear RP-11,8,Outdoor
DragonWear RP-20,8,Outdoor
DragonWear UE-03,8,Streetwear
DragonWear UE-04,8,Streetwear
HanoiStreet UM-11,8,Streetwear
LotusWear UC-01,8,Streetwear
LotusWear UE-12,8,Streetwear
LotusWear UE-34,8,Streetwear
LotusWear UE-47,8,Streetwear
LotusWear UE-60,8,Streetwear
MekongFit UE-12,8,Streetwear
SaigonCore UE-05,8,Streetwear
SaigonCore UE-15,8,Streetwear
SaigonFlex UC-94,8,Streetwear
SaigonFlex UM-90,8,Streetwear
VietMode RP-70,8,Outdoor
VietMode RP-78,8,Outdoor
VietMode UE-16,8,Streetwear
DragonWear MA-29,7,Casual
DragonWear RP-12,7,Outdoor
HanoiStreet UC-35,7,Streetwear
LotusWear UE-94,7,Streetwear
PhoenixWear UE-07,7,Streetwear
SaigonCore UE-18,7,Streetwear
SaigonFlex UE-18,7,Streetwear
UrbanVN UC-13,7,Streetwear
VietMode RP-01,7,Outdoor
VietMode RS-00,7,Outdoor
VietMode UE-02,7,Streetwear
VietMode UE-13,7,Streetwear
DragonWear RP-19,6,Outdoor
HanoiStreet RS-05,6,Outdoor
HanoiStreet UM-07,6,Streetwear
LotusWear UE-07,6,Streetwear
LotusWear UE-72,6,Streetwear
LotusWear UR-43,6,Streetwear
NamStyle YY-12,6,GenZ
PhoenixWear UC-06,6,Streetwear
PhoenixWear UR-22,6,Streetwear
SaigonCore UE-28,6,Streetwear
SaigonCore UR-02,6,Streetwear
SaigonFlex UE-15,6,Streetwear
VietMode MP-18,6,Casual
VietMode RS-13,6,Outdoor
VietMode RS-68,6,Outdoor
DragonWear MA-19,5,Casual
DragonWear RS-06,5,Outdoor
HanoiStreet RP-59,5,Outdoor
HanoiStreet RP-60,5,Outdoor
HanoiStreet RS-15,5,Outdoor
HanoiStreet UC-06,5,Streetwear
LotusWear UE-10,5,Streetwear
LotusWear UR-28,5,Streetwear
MekongFit UE-03,5,Streetwear
MekongFit UR-14,5,Streetwear
PhoenixWear MA-01,5,Casual
PhoenixWear UE-19,5,Streetwear
PhoenixWear UE-20,5,Streetwear
SaigonCore MA-02,5,Casual
SaigonCore MA-04,5,Casual
SaigonCore UM-02,5,Streetwear
SaigonFlex RP-01,5,Outdoor
SaigonFlex RP-02,5,Outdoor
SaigonFlex RS-02,5,Outdoor
UrbanVN RP-07,5,Outdoor
UrbanVN RP-08,5,Outdoor
VietMode MP-17,5,Casual
VietMode RP-02,5,Outdoor
VietMotion YY-10,5,GenZ
DragonWear UE-09,4,Streetwear
HanoiStreet UM-36,4,Streetwear
LotusWear UE-39,4,Streetwear
LotusWear UE-62,4,Streetwear
LotusWear UM-04,4,Streetwear
LotusWear UR-02,4,Streetwear
MekongFit RP-47,4,Outdoor
MekongFit UC-27,4,Streetwear
MekongFit UM-09,4,Streetwear
NamStyle YY-01,4,GenZ
NamStyle YY-23,4,GenZ
SaigonCore MA-06,4,Casual
SaigonCore RP-03,4,Outdoor
SaigonCore YY-37,4,GenZ
VietMode MP-15,4,Casual
VietMode MP-16,4,Casual
VietMode RS-89,4,Outdoor
DragonWear MA-20,3,Casual
DragonWear RP-07,3,Outdoor
DragonWear RP-08,3,Outdoor
DragonWear RS-03,3,Outdoor
DragonWear YY-01,3,GenZ
HanoiStreet RP-32,3,Outdoor
LotusWear UE-81,3,Streetwear
LotusWear UR-47,3,Streetwear
MekongFit RP-09,3,Outdoor
MekongFit RP-10,3,Outdoor
MekongFit RP-48,3,Outdoor
MekongFit RP-53,3,Outdoor
NamStyle YY-28,3,GenZ
PhoenixWear UE-14,3,Streetwear
SaigonCore MA-01,3,Casual
SaigonCore RP-01,3,Outdoor
SaigonCore RP-02,3,Outdoor
SaigonCore RP-04,3,Outdoor
SaigonCore UC-09,3,Streetwear
SaigonCore UE-04,3,Streetwear
UrbanVN RP-35,3,Outdoor
UrbanVN RP-36,3,Outdoor
VietMode MA-16,3,Casual
VietMode RP-47,3,Outdoor
VietMode RP-48,3,Outdoor
VietMode RP-79,3,Outdoor
VietMode RP-80,3,Outdoor
VietMode RS-91,3,Outdoor
VietMode UE-05,3,Streetwear
VietMotion UC-25,3,Streetwear
VietMotion UC-26,3,Streetwear
VietMotion UM-02,3,Streetwear
VietMotion YY-19,3,GenZ
BambooCraft UC-04,2,Streetwear
DragonWear MA-22,2,Casual
DragonWear RP-15,2,Outdoor
DragonWear RP-16,2,Outdoor
DragonWear UC-01,2,Streetwear
HanoiStreet RP-15,2,Outdoor
HanoiStreet RP-16,2,Outdoor
HanoiStreet RP-31,2,Outdoor
HanoiStreet UM-22,2,Streetwear
HanoiStreet UM-27,2,Streetwear
HanoiStreet UM-37,2,Streetwear
LotusWear UE-17,2,Streetwear
LotusWear UE-33,2,Streetwear
LotusWear UE-44,2,Streetwear
LotusWear UR-06,2,Streetwear
LotusWear UR-34,2,Streetwear
MekongFit RP-45,2,Outdoor
MekongFit RP-46,2,Outdoor
MekongFit RP-54,2,Outdoor
MekongFit UC-06,2,Streetwear
MekongStyle UC-03,2,Streetwear
MekongStyle UC-14,2,Streetwear
NamStyle YY-21,2,GenZ
PhoenixWear UR-17,2,Streetwear
SaigonCore UE-27,2,Streetwear
SaigonCore UR-05,2,Streetwear
SaigonCore YY-52,2,GenZ
SaigonFlex UC-08,2,Streetwear
SaigonFlex UE-12,2,Streetwear
SaigonFlex UM-18,2,Streetwear
VietMode RS-01,2,Outdoor
VietMode RS-72,2,Outdoor
VietMode RS-83,2,Outdoor
VietMode UE-04,2,Streetwear
VietMotion RP-08,2,Outdoor
VietMotion UE-14,2,Streetwear
BambooCraft UC-21,1,Streetwear
BambooCraft UM-07,1,Streetwear
DragonWear MA-01,1,Casual
DragonWear MA-05,1,Casual
DragonWear MA-30,1,Casual
DragonWear RP-03,1,Outdoor
DragonWear RP-04,1,Outdoor
DragonWear UM-15,1,Streetwear
DragonWear UM-26,1,Streetwear
DragonWear UM-38,1,Streetwear
DragonWear UM-52,1,Streetwear
HanoiStreet RS-16,1,Outdoor
HanoiStreet UE-10,1,Streetwear
HanoiStreet UE-44,1,Streetwear
HanoiStreet UM-31,1,Streetwear
HanoiStreet UR-27,1,Streetwear
IndigoViet UM-12,1,Streetwear
LotusWear UE-40,1,Streetwear
LotusWear UE-51,1,Streetwear
LotusWear UE-85,1,Streetwear
LotusWear UE-91,1,Streetwear
LotusWear UR-22,1,Streetwear
LotusWear UR-29,1,Streetwear
MekongFit MA-06,1,Casual
MekongFit MA-12,1,Casual
MekongFit RP-19,1,Outdoor
MekongFit RP-20,1,Outdoor
MekongFit RS-09,1,Outdoor
MekongFit UC-02,1,Streetwear
MekongFit UE-05,1,Streetwear
MekongFit UE-25,1,Streetwear
MekongFit UE-26,1,Streetwear
MekongFit UE-28,1,Streetwear
MekongFit UE-31,1,Streetwear
MekongFit UM-15,1,Streetwear
MekongFit UR-06,1,Streetwear
MekongStyle UC-01,1,Streetwear
MekongStyle UC-07,1,Streetwear
MekongStyle UC-09,1,Streetwear
NamStyle YY-27,1,GenZ
PhoenixWear UC-05,1,Streetwear
PhoenixWear UM-02,1,Streetwear
PhoenixWear UR-03,1,Streetwear
PhoenixWear UR-13,1,Streetwear
PhoenixWear UR-16,1,Streetwear
PhoenixWear UR-23,1,Streetwear
SaigonCore UE-19,1,Streetwear
SaigonCore UE-20,1,Streetwear
SaigonCore UE-23,1,Streetwear
SaigonFlex UC-29,1,Streetwear
SaigonFlex UC-72,1,Streetwear
SaigonFlex UC-84,1,Streetwear
SaigonFlex UE-09,1,Streetwear
UrbanVN RP-43,1,Outdoor
UrbanVN RP-44,1,Outdoor
VietMode MA-30,1,Casual
VietMode MP-10,1,Casual
VietMode RS-33,1,Outdoor
VietMode RS-40,1,Outdoor
VietMode RS-50,1,Outdoor
VietMode RS-53,1,Outdoor
VietMode RS-55,1,Outdoor
VietMode RS-63,1,Outdoor
VietMode UE-01,1,Streetwear
VietMode UR-02,1,Streetwear
VietMode UR-03,1,Streetwear
VietMotion RP-07,1,Outdoor
VietMotion RP-43,1,Outdoor
VietMotion RP-44,1,Outdoor
VietMotion UC-04,1,Streetwear
VietMotion UC-20,1,Streetwear
VietMotion UM-04,1,Streetwear
VietMotion UM-05,1,Streetwear
VietMotion UR-10,1,Streetwear
VietMotion UR-28,1,Streetwear
